{"cameraMode":{"drawMode":0,"name":"Shaded","section":"Shading Mode"},"sceneLighting":false,"audioPlay":false,"sceneViewState":{"showFog":false,"showMaterialUpdate":false,"showSkybox":false,"showFlares":false,"showImageEffects":false,"showParticleSystems":false},"in2DMode":false,"pivot":{"x":-0.07375293970108032,"y":-0.14105422794818879,"z":0.03344881534576416},"rotation":{"x":-0.023530367761850358,"y":0.9562175273895264,"z":-0.28046971559524538,"w":-0.08022218197584152},"size":0.31255894899368288,"orthographic":false}