{"cameraMode":{"drawMode":0,"name":"Shaded","section":"Shading Mode"},"sceneLighting":true,"audioPlay":false,"sceneViewState":{"showFog":false,"showMaterialUpdate":false,"showSkybox":false,"showFlares":false,"showImageEffects":false,"showParticleSystems":false},"in2DMode":false,"pivot":{"x":-0.6457487344741821,"y":0.33032944798469546,"z":-3.579497814178467},"rotation":{"x":-0.16072575747966767,"y":0.10254590958356857,"z":-0.016780557110905649,"w":-0.9815244674682617},"size":0.4322403371334076,"orthographic":false}