{"cameraMode":{"drawMode":0,"name":"Shaded","section":"Shading Mode"},"sceneLighting":true,"audioPlay":false,"sceneViewState":{"showFog":false,"showMaterialUpdate":false,"showSkybox":false,"showFlares":false,"showImageEffects":false,"showParticleSystems":false},"in2DMode":false,"pivot":{"x":0.0,"y":-0.007499999366700649,"z":-0.0009999996982514859},"rotation":{"x":-0.03105631284415722,"y":-0.21509949862957,"z":0.006857272703200579,"w":-0.9760849475860596},"size":0.04383206367492676,"orthographic":false}