{"cameraMode":{"drawMode":0,"name":"Shaded","section":"Shading Mode"},"sceneLighting":true,"audioPlay":false,"sceneViewState":{"showFog":false,"showMaterialUpdate":false,"showSkybox":false,"showFlares":false,"showImageEffects":false,"showParticleSystems":false},"in2DMode":false,"pivot":{"x":-0.034000005573034289,"y":0.10000000149011612,"z":-0.010000000707805157},"rotation":{"x":-0.02880239672958851,"y":0.015590223483741284,"z":-0.0004362020699772984,"w":-0.999474287033081},"size":0.1520690619945526,"orthographic":false}