{"cameraMode":{"drawMode":0,"name":"Shaded","section":"Shading Mode"},"sceneLighting":false,"audioPlay":false,"sceneViewState":{"showFog":false,"showMaterialUpdate":false,"showSkybox":false,"showFlares":false,"showImageEffects":false,"showParticleSystems":false},"in2DMode":false,"pivot":{"x":-0.01964038424193859,"y":-0.00343206524848938,"z":0.010751999914646149},"rotation":{"x":-0.03600665554404259,"y":0.9503122568130493,"z":-0.2849411964416504,"w":-0.12008651345968247},"size":0.061447132378816608,"orthographic":false}